Extroversion,Conscientious,Open,Competitiveness,Emotionally_stable,Agreeable,Introversion,Consistency,Spontaneity,Neurotic
5.090335996085848,7.755012655131209,7.569416452611474,3.789150930081576,5.65220029920682,8.10784053593775,6.597024868038502,4.8717456553852525,4.176078038407618,6.235210432720806
4.104703124921914,6.112491191948067,7.4518997906057445,5.214709071918681,6.012301287849636,7.023269748776868,7.41189699201903,5.053198134941854,6.698789611246321,8.148587463331017
7.4887198627350395,6.2980599826649915,7.97673084746962,4.342090018219447,6.045371729786143,8.103065908407478,4.426860417809068,4.796713866237419,6.602820476535829,7.3680814745369965
7.874633267564554,7.462158169149677,8.060061193560378,3.585897362576611,5.55795992870283,8.303592500452757,4.010665980383746,4.543945936156625,4.33789187231325,4.358316891138371
4.919856848234866,6.22587771442436,7.196638966395729,5.873407739900522,5.437101176756036,5.5953942739293945,6.416797282542763,4.807679242994055,5.242745359699138,4.794491083343443



